productLine,textDescription,htmlDescription,image
Classic Cars,Make your wildest car ownership dreams come true,NULL,NULL
Motorcycles,Our motorcycles are state of the art replicas of classic as well as contemporary motorcycle legends such as Harley Davidson  Ducati and Vespa,NULL,NULL
Planes,Unique,NULL,NULL
Ships,"The perfect holiday or anniversary gift for executives  clients,  friends  and family",NULL,NULL
Trains,Model trains are a rewarding hobby for enthusiasts of all ages,NULL,NULL
Trucks and Buses,The Truck and Bus models are realistic replicas of buses and specialized trucks produced from the early 1920s to present,NULL,NULL
Vintage Cars,Our Vintage Car models realistically portray automobiles produced from the early 1900s through the 1940s,NULL,NULL
Classic Cars,Make your wildest car ownership dreams come true,NULL,NULL
Motorcycles,Our motorcycles are state of the art replicas of classic as well as contemporary motorcycle legends such as Harley Davidson  Ducati and Vespa,NULL,NULL
Planes,Unique,NULL,NULL
Ships,"The perfect holiday or anniversary gift for executives  clients,  friends  and family",NULL,NULL
Trains,Model trains are a rewarding hobby for enthusiasts of all ages,NULL,NULL
Trucks and Buses,The Truck and Bus models are realistic replicas of buses and specialized trucks produced from the early 1920s to present,NULL,NULL
Vintage Cars,Our Vintage Car models realistically portray automobiles produced from the early 1900s through the 1940s,NULL,NULL
Classic Cars,Make your wildest car ownership dreams come true,NULL,NULL
Motorcycles,Our motorcycles are state of the art replicas of classic as well as contemporary motorcycle legends such as Harley Davidson  Ducati and Vespa,NULL,NULL
Planes,Unique,NULL,NULL
Ships,"The perfect holiday or anniversary gift for executives  clients,  friends  and family",NULL,NULL
Trains,Model trains are a rewarding hobby for enthusiasts of all ages,NULL,NULL
Trucks and Buses,The Truck and Bus models are realistic replicas of buses and specialized trucks produced from the early 1920s to present,NULL,NULL
Vintage Cars,Our Vintage Car models realistically portray automobiles produced from the early 1900s through the 1940s,NULL,NULL
Classic Cars,Make your wildest car ownership dreams come true,NULL,NULL
Motorcycles,Our motorcycles are state of the art replicas of classic as well as contemporary motorcycle legends such as Harley Davidson  Ducati and Vespa,NULL,NULL
Planes,Unique,NULL,NULL
Ships,"The perfect holiday or anniversary gift for executives  clients,  friends  and family",NULL,NULL
Trains,Model trains are a rewarding hobby for enthusiasts of all ages,NULL,NULL
Trucks and Buses,The Truck and Bus models are realistic replicas of buses and specialized trucks produced from the early 1920s to present,NULL,NULL
Vintage Cars,Our Vintage Car models realistically portray automobiles produced from the early 1900s through the 1940s,NULL,NULL
Classic Cars,Make your wildest car ownership dreams come true,NULL,NULL
Motorcycles,Our motorcycles are state of the art replicas of classic as well as contemporary motorcycle legends such as Harley Davidson  Ducati and Vespa,NULL,NULL
Planes,Unique,NULL,NULL
Ships,"The perfect holiday or anniversary gift for executives  clients,  friends  and family",NULL,NULL
Trains,Model trains are a rewarding hobby for enthusiasts of all ages,NULL,NULL
Trucks and Buses,The Truck and Bus models are realistic replicas of buses and specialized trucks produced from the early 1920s to present,NULL,NULL
Vintage Cars,Our Vintage Car models realistically portray automobiles produced from the early 1900s through the 1940s,NULL,NULL
Classic Cars,Make your wildest car ownership dreams come true,NULL,NULL
Motorcycles,Our motorcycles are state of the art replicas of classic as well as contemporary motorcycle legends such as Harley Davidson  Ducati and Vespa,NULL,NULL
Planes,Unique,NULL,NULL
Ships,"The perfect holiday or anniversary gift for executives  clients,  friends  and family",NULL,NULL
Trains,Model trains are a rewarding hobby for enthusiasts of all ages,NULL,NULL
Trucks and Buses,The Truck and Bus models are realistic replicas of buses and specialized trucks produced from the early 1920s to present,NULL,NULL
Vintage Cars,Our Vintage Car models realistically portray automobiles produced from the early 1900s through the 1940s,NULL,NULL
Classic Cars,Make your wildest car ownership dreams come true,NULL,NULL
Motorcycles,Our motorcycles are state of the art replicas of classic as well as contemporary motorcycle legends such as Harley Davidson  Ducati and Vespa,NULL,NULL
Planes,Unique,NULL,NULL
Ships,"The perfect holiday or anniversary gift for executives  clients,  friends  and family",NULL,NULL
Trains,Model trains are a rewarding hobby for enthusiasts of all ages,NULL,NULL
Trucks and Buses,The Truck and Bus models are realistic replicas of buses and specialized trucks produced from the early 1920s to present,NULL,NULL
Vintage Cars,Our Vintage Car models realistically portray automobiles produced from the early 1900s through the 1940s,NULL,NULL
Classic Cars,Make your wildest car ownership dreams come true,NULL,NULL
Motorcycles,Our motorcycles are state of the art replicas of classic as well as contemporary motorcycle legends such as Harley Davidson  Ducati and Vespa,NULL,NULL
Planes,Unique,NULL,NULL
Ships,"The perfect holiday or anniversary gift for executives  clients,  friends  and family",NULL,NULL
Trains,Model trains are a rewarding hobby for enthusiasts of all ages,NULL,NULL
Trucks and Buses,The Truck and Bus models are realistic replicas of buses and specialized trucks produced from the early 1920s to present,NULL,NULL
Vintage Cars,Our Vintage Car models realistically portray automobiles produced from the early 1900s through the 1940s,NULL,NULL
Classic Cars,Make your wildest car ownership dreams come true,NULL,NULL
Motorcycles,Our motorcycles are state of the art replicas of classic as well as contemporary motorcycle legends such as Harley Davidson  Ducati and Vespa,NULL,NULL
Planes,Unique,NULL,NULL
Ships,"The perfect holiday or anniversary gift for executives  clients,  friends  and family",NULL,NULL
Trains,Model trains are a rewarding hobby for enthusiasts of all ages,NULL,NULL
Trucks and Buses,The Truck and Bus models are realistic replicas of buses and specialized trucks produced from the early 1920s to present,NULL,NULL
Vintage Cars,Our Vintage Car models realistically portray automobiles produced from the early 1900s through the 1940s,NULL,NULL
Classic Cars,Make your wildest car ownership dreams come true,NULL,NULL
Motorcycles,Our motorcycles are state of the art replicas of classic as well as contemporary motorcycle legends such as Harley Davidson  Ducati and Vespa,NULL,NULL
Planes,Unique,NULL,NULL
Ships,"The perfect holiday or anniversary gift for executives  clients,  friends  and family",NULL,NULL
Trains,Model trains are a rewarding hobby for enthusiasts of all ages,NULL,NULL
Trucks and Buses,The Truck and Bus models are realistic replicas of buses and specialized trucks produced from the early 1920s to present,NULL,NULL
Vintage Cars,Our Vintage Car models realistically portray automobiles produced from the early 1900s through the 1940s,NULL,NULL
Classic Cars,Make your wildest car ownership dreams come true,NULL,NULL
Motorcycles,Our motorcycles are state of the art replicas of classic as well as contemporary motorcycle legends such as Harley Davidson  Ducati and Vespa,NULL,NULL
Planes,Unique,NULL,NULL
Ships,"The perfect holiday or anniversary gift for executives  clients,  friends  and family",NULL,NULL
Trains,Model trains are a rewarding hobby for enthusiasts of all ages,NULL,NULL
Trucks and Buses,The Truck and Bus models are realistic replicas of buses and specialized trucks produced from the early 1920s to present,NULL,NULL
Vintage Cars,Our Vintage Car models realistically portray automobiles produced from the early 1900s through the 1940s,NULL,NULL
Classic Cars,Make your wildest car ownership dreams come true,NULL,NULL
Motorcycles,Our motorcycles are state of the art replicas of classic as well as contemporary motorcycle legends such as Harley Davidson  Ducati and Vespa,NULL,NULL
Planes,Unique,NULL,NULL
Ships,"The perfect holiday or anniversary gift for executives  clients,  friends  and family",NULL,NULL
Trains,Model trains are a rewarding hobby for enthusiasts of all ages,NULL,NULL
Trucks and Buses,The Truck and Bus models are realistic replicas of buses and specialized trucks produced from the early 1920s to present,NULL,NULL
Vintage Cars,Our Vintage Car models realistically portray automobiles produced from the early 1900s through the 1940s,NULL,NULL
Classic Cars,Make your wildest car ownership dreams come true,NULL,NULL
Motorcycles,Our motorcycles are state of the art replicas of classic as well as contemporary motorcycle legends such as Harley Davidson  Ducati and Vespa,NULL,NULL
Planes,Unique,NULL,NULL
Ships,"The perfect holiday or anniversary gift for executives  clients,  friends  and family",NULL,NULL
Trains,Model trains are a rewarding hobby for enthusiasts of all ages,NULL,NULL
Trucks and Buses,The Truck and Bus models are realistic replicas of buses and specialized trucks produced from the early 1920s to present,NULL,NULL
Vintage Cars,Our Vintage Car models realistically portray automobiles produced from the early 1900s through the 1940s,NULL,NULL
Classic Cars,Make your wildest car ownership dreams come true,NULL,NULL
Motorcycles,Our motorcycles are state of the art replicas of classic as well as contemporary motorcycle legends such as Harley Davidson  Ducati and Vespa,NULL,NULL
Planes,Unique,NULL,NULL
Ships,"The perfect holiday or anniversary gift for executives  clients,  friends  and family",NULL,NULL
Trains,Model trains are a rewarding hobby for enthusiasts of all ages,NULL,NULL
Trucks and Buses,The Truck and Bus models are realistic replicas of buses and specialized trucks produced from the early 1920s to present,NULL,NULL
Vintage Cars,Our Vintage Car models realistically portray automobiles produced from the early 1900s through the 1940s,NULL,NULL
Classic Cars,Make your wildest car ownership dreams come true,NULL,NULL
Motorcycles,Our motorcycles are state of the art replicas of classic as well as contemporary motorcycle legends such as Harley Davidson  Ducati and Vespa,NULL,NULL
Planes,Unique,NULL,NULL
Ships,"The perfect holiday or anniversary gift for executives  clients,  friends  and family",NULL,NULL
Trains,Model trains are a rewarding hobby for enthusiasts of all ages,NULL,NULL
Trucks and Buses,The Truck and Bus models are realistic replicas of buses and specialized trucks produced from the early 1920s to present,NULL,NULL
Vintage Cars,Our Vintage Car models realistically portray automobiles produced from the early 1900s through the 1940s,NULL,NULL
Classic Cars,Make your wildest car ownership dreams come true,NULL,NULL
Motorcycles,Our motorcycles are state of the art replicas of classic as well as contemporary motorcycle legends such as Harley Davidson  Ducati and Vespa,NULL,NULL
Planes,Unique,NULL,NULL
Ships,"The perfect holiday or anniversary gift for executives  clients,  friends  and family",NULL,NULL
Trains,Model trains are a rewarding hobby for enthusiasts of all ages,NULL,NULL
Trucks and Buses,The Truck and Bus models are realistic replicas of buses and specialized trucks produced from the early 1920s to present,NULL,NULL
Vintage Cars,Our Vintage Car models realistically portray automobiles produced from the early 1900s through the 1940s,NULL,NULL
Classic Cars,Make your wildest car ownership dreams come true,NULL,NULL
Motorcycles,Our motorcycles are state of the art replicas of classic as well as contemporary motorcycle legends such as Harley Davidson  Ducati and Vespa,NULL,NULL
Planes,Unique,NULL,NULL
Ships,"The perfect holiday or anniversary gift for executives  clients,  friends  and family",NULL,NULL
Trains,Model trains are a rewarding hobby for enthusiasts of all ages,NULL,NULL
Trucks and Buses,The Truck and Bus models are realistic replicas of buses and specialized trucks produced from the early 1920s to present,NULL,NULL
Vintage Cars,Our Vintage Car models realistically portray automobiles produced from the early 1900s through the 1940s,NULL,NULL
Classic Cars,Make your wildest car ownership dreams come true,NULL,NULL
Motorcycles,Our motorcycles are state of the art replicas of classic as well as contemporary motorcycle legends such as Harley Davidson  Ducati and Vespa,NULL,NULL
Planes,Unique,NULL,NULL
Ships,"The perfect holiday or anniversary gift for executives  clients,  friends  and family",NULL,NULL
Trains,Model trains are a rewarding hobby for enthusiasts of all ages,NULL,NULL
Trucks and Buses,The Truck and Bus models are realistic replicas of buses and specialized trucks produced from the early 1920s to present,NULL,NULL
Vintage Cars,Our Vintage Car models realistically portray automobiles produced from the early 1900s through the 1940s,NULL,NULL
Classic Cars,Make your wildest car ownership dreams come true,NULL,NULL
Motorcycles,Our motorcycles are state of the art replicas of classic as well as contemporary motorcycle legends such as Harley Davidson  Ducati and Vespa,NULL,NULL
Planes,Unique,NULL,NULL
Ships,"The perfect holiday or anniversary gift for executives  clients,  friends  and family",NULL,NULL
Trains,Model trains are a rewarding hobby for enthusiasts of all ages,NULL,NULL
Trucks and Buses,The Truck and Bus models are realistic replicas of buses and specialized trucks produced from the early 1920s to present,NULL,NULL
Vintage Cars,Our Vintage Car models realistically portray automobiles produced from the early 1900s through the 1940s,NULL,NULL
Classic Cars,Make your wildest car ownership dreams come true,NULL,NULL
Motorcycles,Our motorcycles are state of the art replicas of classic as well as contemporary motorcycle legends such as Harley Davidson  Ducati and Vespa,NULL,NULL
Planes,Unique,NULL,NULL
Ships,"The perfect holiday or anniversary gift for executives  clients,  friends  and family",NULL,NULL
Trains,Model trains are a rewarding hobby for enthusiasts of all ages,NULL,NULL
Trucks and Buses,The Truck and Bus models are realistic replicas of buses and specialized trucks produced from the early 1920s to present,NULL,NULL
Vintage Cars,Our Vintage Car models realistically portray automobiles produced from the early 1900s through the 1940s,NULL,NULL
Classic Cars,Make your wildest car ownership dreams come true,NULL,NULL
Motorcycles,Our motorcycles are state of the art replicas of classic as well as contemporary motorcycle legends such as Harley Davidson  Ducati and Vespa,NULL,NULL
Planes,Unique,NULL,NULL
Ships,"The perfect holiday or anniversary gift for executives  clients,  friends  and family",NULL,NULL
Trains,Model trains are a rewarding hobby for enthusiasts of all ages,NULL,NULL
Trucks and Buses,The Truck and Bus models are realistic replicas of buses and specialized trucks produced from the early 1920s to present,NULL,NULL
Vintage Cars,Our Vintage Car models realistically portray automobiles produced from the early 1900s through the 1940s,NULL,NULL
Classic Cars,Make your wildest car ownership dreams come true,NULL,NULL
Motorcycles,Our motorcycles are state of the art replicas of classic as well as contemporary motorcycle legends such as Harley Davidson  Ducati and Vespa,NULL,NULL
Planes,Unique,NULL,NULL
Ships,"The perfect holiday or anniversary gift for executives  clients,  friends  and family",NULL,NULL
Trains,Model trains are a rewarding hobby for enthusiasts of all ages,NULL,NULL
Trucks and Buses,The Truck and Bus models are realistic replicas of buses and specialized trucks produced from the early 1920s to present,NULL,NULL
Vintage Cars,Our Vintage Car models realistically portray automobiles produced from the early 1900s through the 1940s,NULL,NULL
Classic Cars,Make your wildest car ownership dreams come true,NULL,NULL
Motorcycles,Our motorcycles are state of the art replicas of classic as well as contemporary motorcycle legends such as Harley Davidson  Ducati and Vespa,NULL,NULL
Planes,Unique,NULL,NULL
Ships,"The perfect holiday or anniversary gift for executives  clients,  friends  and family",NULL,NULL
Trains,Model trains are a rewarding hobby for enthusiasts of all ages,NULL,NULL
Trucks and Buses,The Truck and Bus models are realistic replicas of buses and specialized trucks produced from the early 1920s to present,NULL,NULL
Vintage Cars,Our Vintage Car models realistically portray automobiles produced from the early 1900s through the 1940s,NULL,NULL
Classic Cars,Make your wildest car ownership dreams come true,NULL,NULL
Motorcycles,Our motorcycles are state of the art replicas of classic as well as contemporary motorcycle legends such as Harley Davidson  Ducati and Vespa,NULL,NULL
Planes,Unique,NULL,NULL
Ships,"The perfect holiday or anniversary gift for executives  clients,  friends  and family",NULL,NULL
Trains,Model trains are a rewarding hobby for enthusiasts of all ages,NULL,NULL
Trucks and Buses,The Truck and Bus models are realistic replicas of buses and specialized trucks produced from the early 1920s to present,NULL,NULL
Vintage Cars,Our Vintage Car models realistically portray automobiles produced from the early 1900s through the 1940s,NULL,NULL
Classic Cars,Make your wildest car ownership dreams come true,NULL,NULL
Motorcycles,Our motorcycles are state of the art replicas of classic as well as contemporary motorcycle legends such as Harley Davidson  Ducati and Vespa,NULL,NULL
Planes,Unique,NULL,NULL
Ships,"The perfect holiday or anniversary gift for executives  clients,  friends  and family",NULL,NULL
Trains,Model trains are a rewarding hobby for enthusiasts of all ages,NULL,NULL
Trucks and Buses,The Truck and Bus models are realistic replicas of buses and specialized trucks produced from the early 1920s to present,NULL,NULL
Vintage Cars,Our Vintage Car models realistically portray automobiles produced from the early 1900s through the 1940s,NULL,NULL
Classic Cars,Make your wildest car ownership dreams come true,NULL,NULL
Motorcycles,Our motorcycles are state of the art replicas of classic as well as contemporary motorcycle legends such as Harley Davidson  Ducati and Vespa,NULL,NULL
Planes,Unique,NULL,NULL
Ships,"The perfect holiday or anniversary gift for executives  clients,  friends  and family",NULL,NULL
Trains,Model trains are a rewarding hobby for enthusiasts of all ages,NULL,NULL
Trucks and Buses,The Truck and Bus models are realistic replicas of buses and specialized trucks produced from the early 1920s to present,NULL,NULL
Vintage Cars,Our Vintage Car models realistically portray automobiles produced from the early 1900s through the 1940s,NULL,NULL
Classic Cars,Make your wildest car ownership dreams come true,NULL,NULL
Motorcycles,Our motorcycles are state of the art replicas of classic as well as contemporary motorcycle legends such as Harley Davidson  Ducati and Vespa,NULL,NULL
Planes,Unique,NULL,NULL
Ships,"The perfect holiday or anniversary gift for executives  clients,  friends  and family",NULL,NULL
Trains,Model trains are a rewarding hobby for enthusiasts of all ages,NULL,NULL
Trucks and Buses,The Truck and Bus models are realistic replicas of buses and specialized trucks produced from the early 1920s to present,NULL,NULL
Vintage Cars,Our Vintage Car models realistically portray automobiles produced from the early 1900s through the 1940s,NULL,NULL
Classic Cars,Make your wildest car ownership dreams come true,NULL,NULL
Motorcycles,Our motorcycles are state of the art replicas of classic as well as contemporary motorcycle legends such as Harley Davidson  Ducati and Vespa,NULL,NULL
Planes,Unique,NULL,NULL
Ships,"The perfect holiday or anniversary gift for executives  clients,  friends  and family",NULL,NULL
Trains,Model trains are a rewarding hobby for enthusiasts of all ages,NULL,NULL
Trucks and Buses,The Truck and Bus models are realistic replicas of buses and specialized trucks produced from the early 1920s to present,NULL,NULL
Vintage Cars,Our Vintage Car models realistically portray automobiles produced from the early 1900s through the 1940s,NULL,NULL
Classic Cars,Make your wildest car ownership dreams come true,NULL,NULL
Motorcycles,Our motorcycles are state of the art replicas of classic as well as contemporary motorcycle legends such as Harley Davidson  Ducati and Vespa,NULL,NULL
Planes,Unique,NULL,NULL
Ships,"The perfect holiday or anniversary gift for executives  clients,  friends  and family",NULL,NULL
Trains,Model trains are a rewarding hobby for enthusiasts of all ages,NULL,NULL
Trucks and Buses,The Truck and Bus models are realistic replicas of buses and specialized trucks produced from the early 1920s to present,NULL,NULL
Vintage Cars,Our Vintage Car models realistically portray automobiles produced from the early 1900s through the 1940s,NULL,NULL
Classic Cars,Make your wildest car ownership dreams come true,NULL,NULL
Motorcycles,Our motorcycles are state of the art replicas of classic as well as contemporary motorcycle legends such as Harley Davidson  Ducati and Vespa,NULL,NULL
Planes,Unique,NULL,NULL
Ships,"The perfect holiday or anniversary gift for executives  clients,  friends  and family",NULL,NULL
Trains,Model trains are a rewarding hobby for enthusiasts of all ages,NULL,NULL
Trucks and Buses,The Truck and Bus models are realistic replicas of buses and specialized trucks produced from the early 1920s to present,NULL,NULL
Vintage Cars,Our Vintage Car models realistically portray automobiles produced from the early 1900s through the 1940s,NULL,NULL
Classic Cars,Make your wildest car ownership dreams come true,NULL,NULL
Motorcycles,Our motorcycles are state of the art replicas of classic as well as contemporary motorcycle legends such as Harley Davidson  Ducati and Vespa,NULL,NULL
Planes,Unique,NULL,NULL
Ships,"The perfect holiday or anniversary gift for executives  clients,  friends  and family",NULL,NULL
Trains,Model trains are a rewarding hobby for enthusiasts of all ages,NULL,NULL
Trucks and Buses,The Truck and Bus models are realistic replicas of buses and specialized trucks produced from the early 1920s to present,NULL,NULL
Vintage Cars,Our Vintage Car models realistically portray automobiles produced from the early 1900s through the 1940s,NULL,NULL
Classic Cars,Make your wildest car ownership dreams come true,NULL,NULL
Motorcycles,Our motorcycles are state of the art replicas of classic as well as contemporary motorcycle legends such as Harley Davidson  Ducati and Vespa,NULL,NULL
Planes,Unique,NULL,NULL
Ships,"The perfect holiday or anniversary gift for executives  clients,  friends  and family",NULL,NULL
Trains,Model trains are a rewarding hobby for enthusiasts of all ages,NULL,NULL
Trucks and Buses,The Truck and Bus models are realistic replicas of buses and specialized trucks produced from the early 1920s to present,NULL,NULL
Vintage Cars,Our Vintage Car models realistically portray automobiles produced from the early 1900s through the 1940s,NULL,NULL
Classic Cars,Make your wildest car ownership dreams come true,NULL,NULL
Motorcycles,Our motorcycles are state of the art replicas of classic as well as contemporary motorcycle legends such as Harley Davidson  Ducati and Vespa,NULL,NULL
Planes,Unique,NULL,NULL
Ships,"The perfect holiday or anniversary gift for executives  clients,  friends  and family",NULL,NULL
Trains,Model trains are a rewarding hobby for enthusiasts of all ages,NULL,NULL
Trucks and Buses,The Truck and Bus models are realistic replicas of buses and specialized trucks produced from the early 1920s to present,NULL,NULL
Vintage Cars,Our Vintage Car models realistically portray automobiles produced from the early 1900s through the 1940s,NULL,NULL
Classic Cars,Make your wildest car ownership dreams come true,NULL,NULL
Motorcycles,Our motorcycles are state of the art replicas of classic as well as contemporary motorcycle legends such as Harley Davidson  Ducati and Vespa,NULL,NULL
Planes,Unique,NULL,NULL
Ships,"The perfect holiday or anniversary gift for executives  clients,  friends  and family",NULL,NULL
Trains,Model trains are a rewarding hobby for enthusiasts of all ages,NULL,NULL
Trucks and Buses,The Truck and Bus models are realistic replicas of buses and specialized trucks produced from the early 1920s to present,NULL,NULL
Vintage Cars,Our Vintage Car models realistically portray automobiles produced from the early 1900s through the 1940s,NULL,NULL
Classic Cars,Make your wildest car ownership dreams come true,NULL,NULL
Motorcycles,Our motorcycles are state of the art replicas of classic as well as contemporary motorcycle legends such as Harley Davidson  Ducati and Vespa,NULL,NULL
Planes,Unique,NULL,NULL
Ships,"The perfect holiday or anniversary gift for executives  clients,  friends  and family",NULL,NULL
Trains,Model trains are a rewarding hobby for enthusiasts of all ages,NULL,NULL
Trucks and Buses,The Truck and Bus models are realistic replicas of buses and specialized trucks produced from the early 1920s to present,NULL,NULL
Vintage Cars,Our Vintage Car models realistically portray automobiles produced from the early 1900s through the 1940s,NULL,NULL
Classic Cars,Make your wildest car ownership dreams come true,NULL,NULL
Motorcycles,Our motorcycles are state of the art replicas of classic as well as contemporary motorcycle legends such as Harley Davidson  Ducati and Vespa,NULL,NULL
Planes,Unique,NULL,NULL
Ships,"The perfect holiday or anniversary gift for executives  clients,  friends  and family",NULL,NULL
Trains,Model trains are a rewarding hobby for enthusiasts of all ages,NULL,NULL
Trucks and Buses,The Truck and Bus models are realistic replicas of buses and specialized trucks produced from the early 1920s to present,NULL,NULL
Vintage Cars,Our Vintage Car models realistically portray automobiles produced from the early 1900s through the 1940s,NULL,NULL
Classic Cars,Make your wildest car ownership dreams come true,NULL,NULL
Motorcycles,Our motorcycles are state of the art replicas of classic as well as contemporary motorcycle legends such as Harley Davidson  Ducati and Vespa,NULL,NULL
Planes,Unique,NULL,NULL
Ships,"The perfect holiday or anniversary gift for executives  clients,  friends  and family",NULL,NULL
Trains,Model trains are a rewarding hobby for enthusiasts of all ages,NULL,NULL
Trucks and Buses,The Truck and Bus models are realistic replicas of buses and specialized trucks produced from the early 1920s to present,NULL,NULL
Vintage Cars,Our Vintage Car models realistically portray automobiles produced from the early 1900s through the 1940s,NULL,NULL
Classic Cars,Make your wildest car ownership dreams come true,NULL,NULL
Motorcycles,Our motorcycles are state of the art replicas of classic as well as contemporary motorcycle legends such as Harley Davidson  Ducati and Vespa,NULL,NULL
Planes,Unique,NULL,NULL
Ships,"The perfect holiday or anniversary gift for executives  clients,  friends  and family",NULL,NULL
Trains,Model trains are a rewarding hobby for enthusiasts of all ages,NULL,NULL
Trucks and Buses,The Truck and Bus models are realistic replicas of buses and specialized trucks produced from the early 1920s to present,NULL,NULL
Vintage Cars,Our Vintage Car models realistically portray automobiles produced from the early 1900s through the 1940s,NULL,NULL
Classic Cars,Make your wildest car ownership dreams come true,NULL,NULL
Motorcycles,Our motorcycles are state of the art replicas of classic as well as contemporary motorcycle legends such as Harley Davidson  Ducati and Vespa,NULL,NULL
Planes,Unique,NULL,NULL
Ships,"The perfect holiday or anniversary gift for executives  clients,  friends  and family",NULL,NULL
Trains,Model trains are a rewarding hobby for enthusiasts of all ages,NULL,NULL
Trucks and Buses,The Truck and Bus models are realistic replicas of buses and specialized trucks produced from the early 1920s to present,NULL,NULL
Vintage Cars,Our Vintage Car models realistically portray automobiles produced from the early 1900s through the 1940s,NULL,NULL
Classic Cars,Make your wildest car ownership dreams come true,NULL,NULL
Motorcycles,Our motorcycles are state of the art replicas of classic as well as contemporary motorcycle legends such as Harley Davidson  Ducati and Vespa,NULL,NULL
Planes,Unique,NULL,NULL
Ships,"The perfect holiday or anniversary gift for executives  clients,  friends  and family",NULL,NULL
Trains,Model trains are a rewarding hobby for enthusiasts of all ages,NULL,NULL
Trucks and Buses,The Truck and Bus models are realistic replicas of buses and specialized trucks produced from the early 1920s to present,NULL,NULL
Vintage Cars,Our Vintage Car models realistically portray automobiles produced from the early 1900s through the 1940s,NULL,NULL
Classic Cars,Make your wildest car ownership dreams come true,NULL,NULL
Motorcycles,Our motorcycles are state of the art replicas of classic as well as contemporary motorcycle legends such as Harley Davidson  Ducati and Vespa,NULL,NULL
Planes,Unique,NULL,NULL
Ships,"The perfect holiday or anniversary gift for executives  clients,  friends  and family",NULL,NULL
Trains,Model trains are a rewarding hobby for enthusiasts of all ages,NULL,NULL
Trucks and Buses,The Truck and Bus models are realistic replicas of buses and specialized trucks produced from the early 1920s to present,NULL,NULL
Vintage Cars,Our Vintage Car models realistically portray automobiles produced from the early 1900s through the 1940s,NULL,NULL
Classic Cars,Make your wildest car ownership dreams come true,NULL,NULL
Motorcycles,Our motorcycles are state of the art replicas of classic as well as contemporary motorcycle legends such as Harley Davidson  Ducati and Vespa,NULL,NULL
Planes,Unique,NULL,NULL
Ships,"The perfect holiday or anniversary gift for executives  clients,  friends  and family",NULL,NULL
Trains,Model trains are a rewarding hobby for enthusiasts of all ages,NULL,NULL
Trucks and Buses,The Truck and Bus models are realistic replicas of buses and specialized trucks produced from the early 1920s to present,NULL,NULL
Vintage Cars,Our Vintage Car models realistically portray automobiles produced from the early 1900s through the 1940s,NULL,NULL
Classic Cars,Make your wildest car ownership dreams come true,NULL,NULL
Motorcycles,Our motorcycles are state of the art replicas of classic as well as contemporary motorcycle legends such as Harley Davidson  Ducati and Vespa,NULL,NULL
Planes,Unique,NULL,NULL
Ships,"The perfect holiday or anniversary gift for executives  clients,  friends  and family",NULL,NULL
Trains,Model trains are a rewarding hobby for enthusiasts of all ages,NULL,NULL
Trucks and Buses,The Truck and Bus models are realistic replicas of buses and specialized trucks produced from the early 1920s to present,NULL,NULL
Vintage Cars,Our Vintage Car models realistically portray automobiles produced from the early 1900s through the 1940s,NULL,NULL
Classic Cars,Make your wildest car ownership dreams come true,NULL,NULL
Motorcycles,Our motorcycles are state of the art replicas of classic as well as contemporary motorcycle legends such as Harley Davidson  Ducati and Vespa,NULL,NULL
Planes,Unique,NULL,NULL
Ships,"The perfect holiday or anniversary gift for executives  clients,  friends  and family",NULL,NULL
Trains,Model trains are a rewarding hobby for enthusiasts of all ages,NULL,NULL
Trucks and Buses,The Truck and Bus models are realistic replicas of buses and specialized trucks produced from the early 1920s to present,NULL,NULL
Vintage Cars,Our Vintage Car models realistically portray automobiles produced from the early 1900s through the 1940s,NULL,NULL
Classic Cars,Make your wildest car ownership dreams come true,NULL,NULL
Motorcycles,Our motorcycles are state of the art replicas of classic as well as contemporary motorcycle legends such as Harley Davidson  Ducati and Vespa,NULL,NULL
Planes,Unique,NULL,NULL
Ships,"The perfect holiday or anniversary gift for executives  clients,  friends  and family",NULL,NULL
Trains,Model trains are a rewarding hobby for enthusiasts of all ages,NULL,NULL
Trucks and Buses,The Truck and Bus models are realistic replicas of buses and specialized trucks produced from the early 1920s to present,NULL,NULL
Vintage Cars,Our Vintage Car models realistically portray automobiles produced from the early 1900s through the 1940s,NULL,NULL
Classic Cars,Make your wildest car ownership dreams come true,NULL,NULL
Motorcycles,Our motorcycles are state of the art replicas of classic as well as contemporary motorcycle legends such as Harley Davidson  Ducati and Vespa,NULL,NULL
Planes,Unique,NULL,NULL
Ships,"The perfect holiday or anniversary gift for executives  clients,  friends  and family",NULL,NULL
Trains,Model trains are a rewarding hobby for enthusiasts of all ages,NULL,NULL
Trucks and Buses,The Truck and Bus models are realistic replicas of buses and specialized trucks produced from the early 1920s to present,NULL,NULL
Vintage Cars,Our Vintage Car models realistically portray automobiles produced from the early 1900s through the 1940s,NULL,NULL
Classic Cars,Make your wildest car ownership dreams come true,NULL,NULL
Motorcycles,Our motorcycles are state of the art replicas of classic as well as contemporary motorcycle legends such as Harley Davidson  Ducati and Vespa,NULL,NULL
Planes,Unique,NULL,NULL
Ships,"The perfect holiday or anniversary gift for executives  clients,  friends  and family",NULL,NULL
Trains,Model trains are a rewarding hobby for enthusiasts of all ages,NULL,NULL
Trucks and Buses,The Truck and Bus models are realistic replicas of buses and specialized trucks produced from the early 1920s to present,NULL,NULL
Vintage Cars,Our Vintage Car models realistically portray automobiles produced from the early 1900s through the 1940s,NULL,NULL
Classic Cars,Make your wildest car ownership dreams come true,NULL,NULL
Motorcycles,Our motorcycles are state of the art replicas of classic as well as contemporary motorcycle legends such as Harley Davidson  Ducati and Vespa,NULL,NULL
Planes,Unique,NULL,NULL
Ships,"The perfect holiday or anniversary gift for executives  clients,  friends  and family",NULL,NULL
Trains,Model trains are a rewarding hobby for enthusiasts of all ages,NULL,NULL
Trucks and Buses,The Truck and Bus models are realistic replicas of buses and specialized trucks produced from the early 1920s to present,NULL,NULL
Vintage Cars,Our Vintage Car models realistically portray automobiles produced from the early 1900s through the 1940s,NULL,NULL
Classic Cars,Make your wildest car ownership dreams come true,NULL,NULL
Motorcycles,Our motorcycles are state of the art replicas of classic as well as contemporary motorcycle legends such as Harley Davidson  Ducati and Vespa,NULL,NULL
Planes,Unique,NULL,NULL
Ships,"The perfect holiday or anniversary gift for executives  clients,  friends  and family",NULL,NULL
Trains,Model trains are a rewarding hobby for enthusiasts of all ages,NULL,NULL
Trucks and Buses,The Truck and Bus models are realistic replicas of buses and specialized trucks produced from the early 1920s to present,NULL,NULL
Vintage Cars,Our Vintage Car models realistically portray automobiles produced from the early 1900s through the 1940s,NULL,NULL
Classic Cars,Make your wildest car ownership dreams come true,NULL,NULL
Motorcycles,Our motorcycles are state of the art replicas of classic as well as contemporary motorcycle legends such as Harley Davidson  Ducati and Vespa,NULL,NULL
Planes,Unique,NULL,NULL
Ships,"The perfect holiday or anniversary gift for executives  clients,  friends  and family",NULL,NULL
Trains,Model trains are a rewarding hobby for enthusiasts of all ages,NULL,NULL
Trucks and Buses,The Truck and Bus models are realistic replicas of buses and specialized trucks produced from the early 1920s to present,NULL,NULL
Vintage Cars,Our Vintage Car models realistically portray automobiles produced from the early 1900s through the 1940s,NULL,NULL
Classic Cars,Make your wildest car ownership dreams come true,NULL,NULL
Motorcycles,Our motorcycles are state of the art replicas of classic as well as contemporary motorcycle legends such as Harley Davidson  Ducati and Vespa,NULL,NULL
Planes,Unique,NULL,NULL
Ships,"The perfect holiday or anniversary gift for executives  clients,  friends  and family",NULL,NULL
Trains,Model trains are a rewarding hobby for enthusiasts of all ages,NULL,NULL
Trucks and Buses,The Truck and Bus models are realistic replicas of buses and specialized trucks produced from the early 1920s to present,NULL,NULL
Vintage Cars,Our Vintage Car models realistically portray automobiles produced from the early 1900s through the 1940s,NULL,NULL
Classic Cars,Make your wildest car ownership dreams come true,NULL,NULL
Motorcycles,Our motorcycles are state of the art replicas of classic as well as contemporary motorcycle legends such as Harley Davidson  Ducati and Vespa,NULL,NULL
Planes,Unique,NULL,NULL
Ships,"The perfect holiday or anniversary gift for executives  clients,  friends  and family",NULL,NULL
Trains,Model trains are a rewarding hobby for enthusiasts of all ages,NULL,NULL
Trucks and Buses,The Truck and Bus models are realistic replicas of buses and specialized trucks produced from the early 1920s to present,NULL,NULL
Vintage Cars,Our Vintage Car models realistically portray automobiles produced from the early 1900s through the 1940s,NULL,NULL
Classic Cars,Make your wildest car ownership dreams come true,NULL,NULL
Motorcycles,Our motorcycles are state of the art replicas of classic as well as contemporary motorcycle legends such as Harley Davidson  Ducati and Vespa,NULL,NULL
Planes,Unique,NULL,NULL
Ships,"The perfect holiday or anniversary gift for executives  clients,  friends  and family",NULL,NULL
Trains,Model trains are a rewarding hobby for enthusiasts of all ages,NULL,NULL
Trucks and Buses,The Truck and Bus models are realistic replicas of buses and specialized trucks produced from the early 1920s to present,NULL,NULL
Vintage Cars,Our Vintage Car models realistically portray automobiles produced from the early 1900s through the 1940s,NULL,NULL
Classic Cars,Make your wildest car ownership dreams come true,NULL,NULL
Motorcycles,Our motorcycles are state of the art replicas of classic as well as contemporary motorcycle legends such as Harley Davidson  Ducati and Vespa,NULL,NULL
Planes,Unique,NULL,NULL
Ships,"The perfect holiday or anniversary gift for executives  clients,  friends  and family",NULL,NULL
Trains,Model trains are a rewarding hobby for enthusiasts of all ages,NULL,NULL
Trucks and Buses,The Truck and Bus models are realistic replicas of buses and specialized trucks produced from the early 1920s to present,NULL,NULL
Vintage Cars,Our Vintage Car models realistically portray automobiles produced from the early 1900s through the 1940s,NULL,NULL
Classic Cars,Make your wildest car ownership dreams come true,NULL,NULL
Motorcycles,Our motorcycles are state of the art replicas of classic as well as contemporary motorcycle legends such as Harley Davidson  Ducati and Vespa,NULL,NULL
Planes,Unique,NULL,NULL
Ships,"The perfect holiday or anniversary gift for executives  clients,  friends  and family",NULL,NULL
Trains,Model trains are a rewarding hobby for enthusiasts of all ages,NULL,NULL
Trucks and Buses,The Truck and Bus models are realistic replicas of buses and specialized trucks produced from the early 1920s to present,NULL,NULL
Vintage Cars,Our Vintage Car models realistically portray automobiles produced from the early 1900s through the 1940s,NULL,NULL
Classic Cars,Make your wildest car ownership dreams come true,NULL,NULL
Motorcycles,Our motorcycles are state of the art replicas of classic as well as contemporary motorcycle legends such as Harley Davidson  Ducati and Vespa,NULL,NULL
Planes,Unique,NULL,NULL
Ships,"The perfect holiday or anniversary gift for executives  clients,  friends  and family",NULL,NULL
Trains,Model trains are a rewarding hobby for enthusiasts of all ages,NULL,NULL
Trucks and Buses,The Truck and Bus models are realistic replicas of buses and specialized trucks produced from the early 1920s to present,NULL,NULL
Vintage Cars,Our Vintage Car models realistically portray automobiles produced from the early 1900s through the 1940s,NULL,NULL
Classic Cars,Make your wildest car ownership dreams come true,NULL,NULL
Motorcycles,Our motorcycles are state of the art replicas of classic as well as contemporary motorcycle legends such as Harley Davidson  Ducati and Vespa,NULL,NULL
Planes,Unique,NULL,NULL
Ships,"The perfect holiday or anniversary gift for executives  clients,  friends  and family",NULL,NULL
Trains,Model trains are a rewarding hobby for enthusiasts of all ages,NULL,NULL
Trucks and Buses,The Truck and Bus models are realistic replicas of buses and specialized trucks produced from the early 1920s to present,NULL,NULL
Vintage Cars,Our Vintage Car models realistically portray automobiles produced from the early 1900s through the 1940s,NULL,NULL
Classic Cars,Make your wildest car ownership dreams come true,NULL,NULL
Motorcycles,Our motorcycles are state of the art replicas of classic as well as contemporary motorcycle legends such as Harley Davidson  Ducati and Vespa,NULL,NULL
Planes,Unique,NULL,NULL
Ships,"The perfect holiday or anniversary gift for executives  clients,  friends  and family",NULL,NULL
Trains,Model trains are a rewarding hobby for enthusiasts of all ages,NULL,NULL
Trucks and Buses,The Truck and Bus models are realistic replicas of buses and specialized trucks produced from the early 1920s to present,NULL,NULL
Vintage Cars,Our Vintage Car models realistically portray automobiles produced from the early 1900s through the 1940s,NULL,NULL
Classic Cars,Make your wildest car ownership dreams come true,NULL,NULL
Motorcycles,Our motorcycles are state of the art replicas of classic as well as contemporary motorcycle legends such as Harley Davidson  Ducati and Vespa,NULL,NULL
Planes,Unique,NULL,NULL
Ships,"The perfect holiday or anniversary gift for executives  clients,  friends  and family",NULL,NULL
Trains,Model trains are a rewarding hobby for enthusiasts of all ages,NULL,NULL
Trucks and Buses,The Truck and Bus models are realistic replicas of buses and specialized trucks produced from the early 1920s to present,NULL,NULL
Vintage Cars,Our Vintage Car models realistically portray automobiles produced from the early 1900s through the 1940s,NULL,NULL
Classic Cars,Make your wildest car ownership dreams come true,NULL,NULL
Motorcycles,Our motorcycles are state of the art replicas of classic as well as contemporary motorcycle legends such as Harley Davidson  Ducati and Vespa,NULL,NULL
Planes,Unique,NULL,NULL
Ships,"The perfect holiday or anniversary gift for executives  clients,  friends  and family",NULL,NULL
Trains,Model trains are a rewarding hobby for enthusiasts of all ages,NULL,NULL
Trucks and Buses,The Truck and Bus models are realistic replicas of buses and specialized trucks produced from the early 1920s to present,NULL,NULL
Vintage Cars,Our Vintage Car models realistically portray automobiles produced from the early 1900s through the 1940s,NULL,NULL
Classic Cars,Make your wildest car ownership dreams come true,NULL,NULL
Motorcycles,Our motorcycles are state of the art replicas of classic as well as contemporary motorcycle legends such as Harley Davidson  Ducati and Vespa,NULL,NULL
Planes,Unique,NULL,NULL
Ships,"The perfect holiday or anniversary gift for executives  clients,  friends  and family",NULL,NULL
Trains,Model trains are a rewarding hobby for enthusiasts of all ages,NULL,NULL
Trucks and Buses,The Truck and Bus models are realistic replicas of buses and specialized trucks produced from the early 1920s to present,NULL,NULL
Vintage Cars,Our Vintage Car models realistically portray automobiles produced from the early 1900s through the 1940s,NULL,NULL
Classic Cars,Make your wildest car ownership dreams come true,NULL,NULL
Motorcycles,Our motorcycles are state of the art replicas of classic as well as contemporary motorcycle legends such as Harley Davidson  Ducati and Vespa,NULL,NULL
Planes,Unique,NULL,NULL
Ships,"The perfect holiday or anniversary gift for executives  clients,  friends  and family",NULL,NULL
Trains,Model trains are a rewarding hobby for enthusiasts of all ages,NULL,NULL
Trucks and Buses,The Truck and Bus models are realistic replicas of buses and specialized trucks produced from the early 1920s to present,NULL,NULL
Vintage Cars,Our Vintage Car models realistically portray automobiles produced from the early 1900s through the 1940s,NULL,NULL
Classic Cars,Make your wildest car ownership dreams come true,NULL,NULL
Motorcycles,Our motorcycles are state of the art replicas of classic as well as contemporary motorcycle legends such as Harley Davidson  Ducati and Vespa,NULL,NULL
Planes,Unique,NULL,NULL
Ships,"The perfect holiday or anniversary gift for executives  clients,  friends  and family",NULL,NULL
Trains,Model trains are a rewarding hobby for enthusiasts of all ages,NULL,NULL
Trucks and Buses,The Truck and Bus models are realistic replicas of buses and specialized trucks produced from the early 1920s to present,NULL,NULL
Vintage Cars,Our Vintage Car models realistically portray automobiles produced from the early 1900s through the 1940s,NULL,NULL
Classic Cars,Make your wildest car ownership dreams come true,NULL,NULL
Motorcycles,Our motorcycles are state of the art replicas of classic as well as contemporary motorcycle legends such as Harley Davidson  Ducati and Vespa,NULL,NULL
Planes,Unique,NULL,NULL
Ships,"The perfect holiday or anniversary gift for executives  clients,  friends  and family",NULL,NULL
Trains,Model trains are a rewarding hobby for enthusiasts of all ages,NULL,NULL
Trucks and Buses,The Truck and Bus models are realistic replicas of buses and specialized trucks produced from the early 1920s to present,NULL,NULL
Vintage Cars,Our Vintage Car models realistically portray automobiles produced from the early 1900s through the 1940s,NULL,NULL
Classic Cars,Make your wildest car ownership dreams come true,NULL,NULL
Motorcycles,Our motorcycles are state of the art replicas of classic as well as contemporary motorcycle legends such as Harley Davidson  Ducati and Vespa,NULL,NULL
Planes,Unique,NULL,NULL
Ships,"The perfect holiday or anniversary gift for executives  clients,  friends  and family",NULL,NULL
Trains,Model trains are a rewarding hobby for enthusiasts of all ages,NULL,NULL
Trucks and Buses,The Truck and Bus models are realistic replicas of buses and specialized trucks produced from the early 1920s to present,NULL,NULL
Vintage Cars,Our Vintage Car models realistically portray automobiles produced from the early 1900s through the 1940s,NULL,NULL
Classic Cars,Make your wildest car ownership dreams come true,NULL,NULL
Motorcycles,Our motorcycles are state of the art replicas of classic as well as contemporary motorcycle legends such as Harley Davidson  Ducati and Vespa,NULL,NULL
Planes,Unique,NULL,NULL
Ships,"The perfect holiday or anniversary gift for executives  clients,  friends  and family",NULL,NULL
Trains,Model trains are a rewarding hobby for enthusiasts of all ages,NULL,NULL
Trucks and Buses,The Truck and Bus models are realistic replicas of buses and specialized trucks produced from the early 1920s to present,NULL,NULL
Vintage Cars,Our Vintage Car models realistically portray automobiles produced from the early 1900s through the 1940s,NULL,NULL
Classic Cars,Make your wildest car ownership dreams come true,NULL,NULL
Motorcycles,Our motorcycles are state of the art replicas of classic as well as contemporary motorcycle legends such as Harley Davidson  Ducati and Vespa,NULL,NULL
Planes,Unique,NULL,NULL
Ships,"The perfect holiday or anniversary gift for executives  clients,  friends  and family",NULL,NULL
Trains,Model trains are a rewarding hobby for enthusiasts of all ages,NULL,NULL
Trucks and Buses,The Truck and Bus models are realistic replicas of buses and specialized trucks produced from the early 1920s to present,NULL,NULL
Vintage Cars,Our Vintage Car models realistically portray automobiles produced from the early 1900s through the 1940s,NULL,NULL
Classic Cars,Make your wildest car ownership dreams come true,NULL,NULL
Motorcycles,Our motorcycles are state of the art replicas of classic as well as contemporary motorcycle legends such as Harley Davidson  Ducati and Vespa,NULL,NULL
Planes,Unique,NULL,NULL
Ships,"The perfect holiday or anniversary gift for executives  clients,  friends  and family",NULL,NULL
Trains,Model trains are a rewarding hobby for enthusiasts of all ages,NULL,NULL
Trucks and Buses,The Truck and Bus models are realistic replicas of buses and specialized trucks produced from the early 1920s to present,NULL,NULL
Vintage Cars,Our Vintage Car models realistically portray automobiles produced from the early 1900s through the 1940s,NULL,NULL
Classic Cars,Make your wildest car ownership dreams come true,NULL,NULL
Motorcycles,Our motorcycles are state of the art replicas of classic as well as contemporary motorcycle legends such as Harley Davidson  Ducati and Vespa,NULL,NULL
Planes,Unique,NULL,NULL
Ships,"The perfect holiday or anniversary gift for executives  clients,  friends  and family",NULL,NULL
Trains,Model trains are a rewarding hobby for enthusiasts of all ages,NULL,NULL
Trucks and Buses,The Truck and Bus models are realistic replicas of buses and specialized trucks produced from the early 1920s to present,NULL,NULL
Vintage Cars,Our Vintage Car models realistically portray automobiles produced from the early 1900s through the 1940s,NULL,NULL
Classic Cars,Make your wildest car ownership dreams come true,NULL,NULL
Motorcycles,Our motorcycles are state of the art replicas of classic as well as contemporary motorcycle legends such as Harley Davidson  Ducati and Vespa,NULL,NULL
Planes,Unique,NULL,NULL
Ships,"The perfect holiday or anniversary gift for executives  clients,  friends  and family",NULL,NULL
Trains,Model trains are a rewarding hobby for enthusiasts of all ages,NULL,NULL
Trucks and Buses,The Truck and Bus models are realistic replicas of buses and specialized trucks produced from the early 1920s to present,NULL,NULL
Vintage Cars,Our Vintage Car models realistically portray automobiles produced from the early 1900s through the 1940s,NULL,NULL
Classic Cars,Make your wildest car ownership dreams come true,NULL,NULL
Motorcycles,Our motorcycles are state of the art replicas of classic as well as contemporary motorcycle legends such as Harley Davidson  Ducati and Vespa,NULL,NULL
Planes,Unique,NULL,NULL
Ships,"The perfect holiday or anniversary gift for executives  clients,  friends  and family",NULL,NULL
Trains,Model trains are a rewarding hobby for enthusiasts of all ages,NULL,NULL
Trucks and Buses,The Truck and Bus models are realistic replicas of buses and specialized trucks produced from the early 1920s to present,NULL,NULL
Vintage Cars,Our Vintage Car models realistically portray automobiles produced from the early 1900s through the 1940s,NULL,NULL
Classic Cars,Make your wildest car ownership dreams come true,NULL,NULL
Motorcycles,Our motorcycles are state of the art replicas of classic as well as contemporary motorcycle legends such as Harley Davidson  Ducati and Vespa,NULL,NULL
Planes,Unique,NULL,NULL
Ships,"The perfect holiday or anniversary gift for executives  clients,  friends  and family",NULL,NULL
Trains,Model trains are a rewarding hobby for enthusiasts of all ages,NULL,NULL
Trucks and Buses,The Truck and Bus models are realistic replicas of buses and specialized trucks produced from the early 1920s to present,NULL,NULL
Vintage Cars,Our Vintage Car models realistically portray automobiles produced from the early 1900s through the 1940s,NULL,NULL
Classic Cars,Make your wildest car ownership dreams come true,NULL,NULL
Motorcycles,Our motorcycles are state of the art replicas of classic as well as contemporary motorcycle legends such as Harley Davidson  Ducati and Vespa,NULL,NULL
Planes,Unique,NULL,NULL
Ships,"The perfect holiday or anniversary gift for executives  clients,  friends  and family",NULL,NULL
Trains,Model trains are a rewarding hobby for enthusiasts of all ages,NULL,NULL
Trucks and Buses,The Truck and Bus models are realistic replicas of buses and specialized trucks produced from the early 1920s to present,NULL,NULL
Vintage Cars,Our Vintage Car models realistically portray automobiles produced from the early 1900s through the 1940s,NULL,NULL
Classic Cars,Make your wildest car ownership dreams come true,NULL,NULL
Motorcycles,Our motorcycles are state of the art replicas of classic as well as contemporary motorcycle legends such as Harley Davidson  Ducati and Vespa,NULL,NULL
Planes,Unique,NULL,NULL
Ships,"The perfect holiday or anniversary gift for executives  clients,  friends  and family",NULL,NULL
Trains,Model trains are a rewarding hobby for enthusiasts of all ages,NULL,NULL
Trucks and Buses,The Truck and Bus models are realistic replicas of buses and specialized trucks produced from the early 1920s to present,NULL,NULL
Vintage Cars,Our Vintage Car models realistically portray automobiles produced from the early 1900s through the 1940s,NULL,NULL
Classic Cars,Make your wildest car ownership dreams come true,NULL,NULL
Motorcycles,Our motorcycles are state of the art replicas of classic as well as contemporary motorcycle legends such as Harley Davidson  Ducati and Vespa,NULL,NULL
Planes,Unique,NULL,NULL
Ships,"The perfect holiday or anniversary gift for executives  clients,  friends  and family",NULL,NULL
Trains,Model trains are a rewarding hobby for enthusiasts of all ages,NULL,NULL
Trucks and Buses,The Truck and Bus models are realistic replicas of buses and specialized trucks produced from the early 1920s to present,NULL,NULL
Vintage Cars,Our Vintage Car models realistically portray automobiles produced from the early 1900s through the 1940s,NULL,NULL
Classic Cars,Make your wildest car ownership dreams come true,NULL,NULL
Motorcycles,Our motorcycles are state of the art replicas of classic as well as contemporary motorcycle legends such as Harley Davidson  Ducati and Vespa,NULL,NULL
Planes,Unique,NULL,NULL
Ships,"The perfect holiday or anniversary gift for executives  clients,  friends  and family",NULL,NULL
Trains,Model trains are a rewarding hobby for enthusiasts of all ages,NULL,NULL
Trucks and Buses,The Truck and Bus models are realistic replicas of buses and specialized trucks produced from the early 1920s to present,NULL,NULL
Vintage Cars,Our Vintage Car models realistically portray automobiles produced from the early 1900s through the 1940s,NULL,NULL
Classic Cars,Make your wildest car ownership dreams come true,NULL,NULL
Motorcycles,Our motorcycles are state of the art replicas of classic as well as contemporary motorcycle legends such as Harley Davidson  Ducati and Vespa,NULL,NULL
Planes,Unique,NULL,NULL
Ships,"The perfect holiday or anniversary gift for executives  clients,  friends  and family",NULL,NULL
Trains,Model trains are a rewarding hobby for enthusiasts of all ages,NULL,NULL
Trucks and Buses,The Truck and Bus models are realistic replicas of buses and specialized trucks produced from the early 1920s to present,NULL,NULL
Vintage Cars,Our Vintage Car models realistically portray automobiles produced from the early 1900s through the 1940s,NULL,NULL
Classic Cars,Make your wildest car ownership dreams come true,NULL,NULL
Motorcycles,Our motorcycles are state of the art replicas of classic as well as contemporary motorcycle legends such as Harley Davidson  Ducati and Vespa,NULL,NULL
Planes,Unique,NULL,NULL
Ships,"The perfect holiday or anniversary gift for executives  clients,  friends  and family",NULL,NULL
Trains,Model trains are a rewarding hobby for enthusiasts of all ages,NULL,NULL
Trucks and Buses,The Truck and Bus models are realistic replicas of buses and specialized trucks produced from the early 1920s to present,NULL,NULL
Vintage Cars,Our Vintage Car models realistically portray automobiles produced from the early 1900s through the 1940s,NULL,NULL
Classic Cars,Make your wildest car ownership dreams come true,NULL,NULL
Motorcycles,Our motorcycles are state of the art replicas of classic as well as contemporary motorcycle legends such as Harley Davidson  Ducati and Vespa,NULL,NULL
Planes,Unique,NULL,NULL
Ships,"The perfect holiday or anniversary gift for executives  clients,  friends  and family",NULL,NULL
Trains,Model trains are a rewarding hobby for enthusiasts of all ages,NULL,NULL
Trucks and Buses,The Truck and Bus models are realistic replicas of buses and specialized trucks produced from the early 1920s to present,NULL,NULL
Vintage Cars,Our Vintage Car models realistically portray automobiles produced from the early 1900s through the 1940s,NULL,NULL
Classic Cars,Make your wildest car ownership dreams come true,NULL,NULL
Motorcycles,Our motorcycles are state of the art replicas of classic as well as contemporary motorcycle legends such as Harley Davidson  Ducati and Vespa,NULL,NULL
Planes,Unique,NULL,NULL
Ships,"The perfect holiday or anniversary gift for executives  clients,  friends  and family",NULL,NULL
Trains,Model trains are a rewarding hobby for enthusiasts of all ages,NULL,NULL
Trucks and Buses,The Truck and Bus models are realistic replicas of buses and specialized trucks produced from the early 1920s to present,NULL,NULL
Vintage Cars,Our Vintage Car models realistically portray automobiles produced from the early 1900s through the 1940s,NULL,NULL
Classic Cars,Make your wildest car ownership dreams come true,NULL,NULL
Motorcycles,Our motorcycles are state of the art replicas of classic as well as contemporary motorcycle legends such as Harley Davidson  Ducati and Vespa,NULL,NULL
Planes,Unique,NULL,NULL
Ships,"The perfect holiday or anniversary gift for executives  clients,  friends  and family",NULL,NULL
Trains,Model trains are a rewarding hobby for enthusiasts of all ages,NULL,NULL
Trucks and Buses,The Truck and Bus models are realistic replicas of buses and specialized trucks produced from the early 1920s to present,NULL,NULL
Vintage Cars,Our Vintage Car models realistically portray automobiles produced from the early 1900s through the 1940s,NULL,NULL
Classic Cars,Make your wildest car ownership dreams come true,NULL,NULL
Motorcycles,Our motorcycles are state of the art replicas of classic as well as contemporary motorcycle legends such as Harley Davidson  Ducati and Vespa,NULL,NULL
Planes,Unique,NULL,NULL
Ships,"The perfect holiday or anniversary gift for executives  clients,  friends  and family",NULL,NULL
Trains,Model trains are a rewarding hobby for enthusiasts of all ages,NULL,NULL
Trucks and Buses,The Truck and Bus models are realistic replicas of buses and specialized trucks produced from the early 1920s to present,NULL,NULL
Vintage Cars,Our Vintage Car models realistically portray automobiles produced from the early 1900s through the 1940s,NULL,NULL
Classic Cars,Make your wildest car ownership dreams come true,NULL,NULL
Motorcycles,Our motorcycles are state of the art replicas of classic as well as contemporary motorcycle legends such as Harley Davidson  Ducati and Vespa,NULL,NULL
Planes,Unique,NULL,NULL
Ships,"The perfect holiday or anniversary gift for executives  clients,  friends  and family",NULL,NULL
Trains,Model trains are a rewarding hobby for enthusiasts of all ages,NULL,NULL
Trucks and Buses,The Truck and Bus models are realistic replicas of buses and specialized trucks produced from the early 1920s to present,NULL,NULL
Vintage Cars,Our Vintage Car models realistically portray automobiles produced from the early 1900s through the 1940s,NULL,NULL
Classic Cars,Make your wildest car ownership dreams come true,NULL,NULL
Motorcycles,Our motorcycles are state of the art replicas of classic as well as contemporary motorcycle legends such as Harley Davidson  Ducati and Vespa,NULL,NULL
Planes,Unique,NULL,NULL
Ships,"The perfect holiday or anniversary gift for executives  clients,  friends  and family",NULL,NULL
Trains,Model trains are a rewarding hobby for enthusiasts of all ages,NULL,NULL
Trucks and Buses,The Truck and Bus models are realistic replicas of buses and specialized trucks produced from the early 1920s to present,NULL,NULL
Vintage Cars,Our Vintage Car models realistically portray automobiles produced from the early 1900s through the 1940s,NULL,NULL
Classic Cars,Make your wildest car ownership dreams come true,NULL,NULL
Motorcycles,Our motorcycles are state of the art replicas of classic as well as contemporary motorcycle legends such as Harley Davidson  Ducati and Vespa,NULL,NULL
Planes,Unique,NULL,NULL
Ships,"The perfect holiday or anniversary gift for executives  clients,  friends  and family",NULL,NULL
Trains,Model trains are a rewarding hobby for enthusiasts of all ages,NULL,NULL
Trucks and Buses,The Truck and Bus models are realistic replicas of buses and specialized trucks produced from the early 1920s to present,NULL,NULL
Vintage Cars,Our Vintage Car models realistically portray automobiles produced from the early 1900s through the 1940s,NULL,NULL
Classic Cars,Make your wildest car ownership dreams come true,NULL,NULL
Motorcycles,Our motorcycles are state of the art replicas of classic as well as contemporary motorcycle legends such as Harley Davidson  Ducati and Vespa,NULL,NULL
Planes,Unique,NULL,NULL
Ships,"The perfect holiday or anniversary gift for executives  clients,  friends  and family",NULL,NULL
Trains,Model trains are a rewarding hobby for enthusiasts of all ages,NULL,NULL
Trucks and Buses,The Truck and Bus models are realistic replicas of buses and specialized trucks produced from the early 1920s to present,NULL,NULL
Vintage Cars,Our Vintage Car models realistically portray automobiles produced from the early 1900s through the 1940s,NULL,NULL
Classic Cars,Make your wildest car ownership dreams come true,NULL,NULL
Motorcycles,Our motorcycles are state of the art replicas of classic as well as contemporary motorcycle legends such as Harley Davidson  Ducati and Vespa,NULL,NULL
Planes,Unique,NULL,NULL
Ships,"The perfect holiday or anniversary gift for executives  clients,  friends  and family",NULL,NULL
Trains,Model trains are a rewarding hobby for enthusiasts of all ages,NULL,NULL
Trucks and Buses,The Truck and Bus models are realistic replicas of buses and specialized trucks produced from the early 1920s to present,NULL,NULL
Vintage Cars,Our Vintage Car models realistically portray automobiles produced from the early 1900s through the 1940s,NULL,NULL
Classic Cars,Make your wildest car ownership dreams come true,NULL,NULL
Motorcycles,Our motorcycles are state of the art replicas of classic as well as contemporary motorcycle legends such as Harley Davidson  Ducati and Vespa,NULL,NULL
Planes,Unique,NULL,NULL
Ships,"The perfect holiday or anniversary gift for executives  clients,  friends  and family",NULL,NULL
Trains,Model trains are a rewarding hobby for enthusiasts of all ages,NULL,NULL
Trucks and Buses,The Truck and Bus models are realistic replicas of buses and specialized trucks produced from the early 1920s to present,NULL,NULL
Vintage Cars,Our Vintage Car models realistically portray automobiles produced from the early 1900s through the 1940s,NULL,NULL
Classic Cars,Make your wildest car ownership dreams come true,NULL,NULL
Motorcycles,Our motorcycles are state of the art replicas of classic as well as contemporary motorcycle legends such as Harley Davidson  Ducati and Vespa,NULL,NULL
Planes,Unique,NULL,NULL
Ships,"The perfect holiday or anniversary gift for executives  clients,  friends  and family",NULL,NULL
Trains,Model trains are a rewarding hobby for enthusiasts of all ages,NULL,NULL
Trucks and Buses,The Truck and Bus models are realistic replicas of buses and specialized trucks produced from the early 1920s to present,NULL,NULL
Vintage Cars,Our Vintage Car models realistically portray automobiles produced from the early 1900s through the 1940s,NULL,NULL
Classic Cars,Make your wildest car ownership dreams come true,NULL,NULL
Motorcycles,Our motorcycles are state of the art replicas of classic as well as contemporary motorcycle legends such as Harley Davidson  Ducati and Vespa,NULL,NULL
Planes,Unique,NULL,NULL
Ships,"The perfect holiday or anniversary gift for executives  clients,  friends  and family",NULL,NULL
Trains,Model trains are a rewarding hobby for enthusiasts of all ages,NULL,NULL
Trucks and Buses,The Truck and Bus models are realistic replicas of buses and specialized trucks produced from the early 1920s to present,NULL,NULL
Vintage Cars,Our Vintage Car models realistically portray automobiles produced from the early 1900s through the 1940s,NULL,NULL
Classic Cars,Make your wildest car ownership dreams come true,NULL,NULL
Motorcycles,Our motorcycles are state of the art replicas of classic as well as contemporary motorcycle legends such as Harley Davidson  Ducati and Vespa,NULL,NULL
Planes,Unique,NULL,NULL
Ships,"The perfect holiday or anniversary gift for executives  clients,  friends  and family",NULL,NULL
Trains,Model trains are a rewarding hobby for enthusiasts of all ages,NULL,NULL
Trucks and Buses,The Truck and Bus models are realistic replicas of buses and specialized trucks produced from the early 1920s to present,NULL,NULL
Vintage Cars,Our Vintage Car models realistically portray automobiles produced from the early 1900s through the 1940s,NULL,NULL
Classic Cars,Make your wildest car ownership dreams come true,NULL,NULL
Motorcycles,Our motorcycles are state of the art replicas of classic as well as contemporary motorcycle legends such as Harley Davidson  Ducati and Vespa,NULL,NULL
Planes,Unique,NULL,NULL
Ships,"The perfect holiday or anniversary gift for executives  clients,  friends  and family",NULL,NULL
Trains,Model trains are a rewarding hobby for enthusiasts of all ages,NULL,NULL
Trucks and Buses,The Truck and Bus models are realistic replicas of buses and specialized trucks produced from the early 1920s to present,NULL,NULL
Vintage Cars,Our Vintage Car models realistically portray automobiles produced from the early 1900s through the 1940s,NULL,NULL
Classic Cars,Make your wildest car ownership dreams come true,NULL,NULL
Motorcycles,Our motorcycles are state of the art replicas of classic as well as contemporary motorcycle legends such as Harley Davidson  Ducati and Vespa,NULL,NULL
Planes,Unique,NULL,NULL
Ships,"The perfect holiday or anniversary gift for executives  clients,  friends  and family",NULL,NULL
Trains,Model trains are a rewarding hobby for enthusiasts of all ages,NULL,NULL
Trucks and Buses,The Truck and Bus models are realistic replicas of buses and specialized trucks produced from the early 1920s to present,NULL,NULL
Vintage Cars,Our Vintage Car models realistically portray automobiles produced from the early 1900s through the 1940s,NULL,NULL
Classic Cars,Make your wildest car ownership dreams come true,NULL,NULL
Motorcycles,Our motorcycles are state of the art replicas of classic as well as contemporary motorcycle legends such as Harley Davidson  Ducati and Vespa,NULL,NULL
Planes,Unique,NULL,NULL
Ships,"The perfect holiday or anniversary gift for executives  clients,  friends  and family",NULL,NULL
Trains,Model trains are a rewarding hobby for enthusiasts of all ages,NULL,NULL
Trucks and Buses,The Truck and Bus models are realistic replicas of buses and specialized trucks produced from the early 1920s to present,NULL,NULL
Vintage Cars,Our Vintage Car models realistically portray automobiles produced from the early 1900s through the 1940s,NULL,NULL
Classic Cars,Make your wildest car ownership dreams come true,NULL,NULL
Motorcycles,Our motorcycles are state of the art replicas of classic as well as contemporary motorcycle legends such as Harley Davidson  Ducati and Vespa,NULL,NULL
Planes,Unique,NULL,NULL
Ships,"The perfect holiday or anniversary gift for executives  clients,  friends  and family",NULL,NULL
Trains,Model trains are a rewarding hobby for enthusiasts of all ages,NULL,NULL
Trucks and Buses,The Truck and Bus models are realistic replicas of buses and specialized trucks produced from the early 1920s to present,NULL,NULL
Vintage Cars,Our Vintage Car models realistically portray automobiles produced from the early 1900s through the 1940s,NULL,NULL
Classic Cars,Make your wildest car ownership dreams come true,NULL,NULL
Motorcycles,Our motorcycles are state of the art replicas of classic as well as contemporary motorcycle legends such as Harley Davidson  Ducati and Vespa,NULL,NULL
Planes,Unique,NULL,NULL
Ships,"The perfect holiday or anniversary gift for executives  clients,  friends  and family",NULL,NULL
Trains,Model trains are a rewarding hobby for enthusiasts of all ages,NULL,NULL
Trucks and Buses,The Truck and Bus models are realistic replicas of buses and specialized trucks produced from the early 1920s to present,NULL,NULL
Vintage Cars,Our Vintage Car models realistically portray automobiles produced from the early 1900s through the 1940s,NULL,NULL
Classic Cars,Make your wildest car ownership dreams come true,NULL,NULL
Motorcycles,Our motorcycles are state of the art replicas of classic as well as contemporary motorcycle legends such as Harley Davidson  Ducati and Vespa,NULL,NULL
Planes,Unique,NULL,NULL
Ships,"The perfect holiday or anniversary gift for executives  clients,  friends  and family",NULL,NULL
Trains,Model trains are a rewarding hobby for enthusiasts of all ages,NULL,NULL
Trucks and Buses,The Truck and Bus models are realistic replicas of buses and specialized trucks produced from the early 1920s to present,NULL,NULL
Vintage Cars,Our Vintage Car models realistically portray automobiles produced from the early 1900s through the 1940s,NULL,NULL
Classic Cars,Make your wildest car ownership dreams come true,NULL,NULL
Motorcycles,Our motorcycles are state of the art replicas of classic as well as contemporary motorcycle legends such as Harley Davidson  Ducati and Vespa,NULL,NULL
Planes,Unique,NULL,NULL
Ships,"The perfect holiday or anniversary gift for executives  clients,  friends  and family",NULL,NULL
Trains,Model trains are a rewarding hobby for enthusiasts of all ages,NULL,NULL
Trucks and Buses,The Truck and Bus models are realistic replicas of buses and specialized trucks produced from the early 1920s to present,NULL,NULL
Vintage Cars,Our Vintage Car models realistically portray automobiles produced from the early 1900s through the 1940s,NULL,NULL
Classic Cars,Make your wildest car ownership dreams come true,NULL,NULL
Motorcycles,Our motorcycles are state of the art replicas of classic as well as contemporary motorcycle legends such as Harley Davidson  Ducati and Vespa,NULL,NULL
Planes,Unique,NULL,NULL
Ships,"The perfect holiday or anniversary gift for executives  clients,  friends  and family",NULL,NULL
Trains,Model trains are a rewarding hobby for enthusiasts of all ages,NULL,NULL
Trucks and Buses,The Truck and Bus models are realistic replicas of buses and specialized trucks produced from the early 1920s to present,NULL,NULL
Vintage Cars,Our Vintage Car models realistically portray automobiles produced from the early 1900s through the 1940s,NULL,NULL
Classic Cars,Make your wildest car ownership dreams come true,NULL,NULL
Motorcycles,Our motorcycles are state of the art replicas of classic as well as contemporary motorcycle legends such as Harley Davidson  Ducati and Vespa,NULL,NULL
Planes,Unique,NULL,NULL
Ships,"The perfect holiday or anniversary gift for executives  clients,  friends  and family",NULL,NULL
Trains,Model trains are a rewarding hobby for enthusiasts of all ages,NULL,NULL
Trucks and Buses,The Truck and Bus models are realistic replicas of buses and specialized trucks produced from the early 1920s to present,NULL,NULL
Vintage Cars,Our Vintage Car models realistically portray automobiles produced from the early 1900s through the 1940s,NULL,NULL
Classic Cars,Make your wildest car ownership dreams come true,NULL,NULL
Motorcycles,Our motorcycles are state of the art replicas of classic as well as contemporary motorcycle legends such as Harley Davidson  Ducati and Vespa,NULL,NULL
Planes,Unique,NULL,NULL
Ships,"The perfect holiday or anniversary gift for executives  clients,  friends  and family",NULL,NULL
Trains,Model trains are a rewarding hobby for enthusiasts of all ages,NULL,NULL
Trucks and Buses,The Truck and Bus models are realistic replicas of buses and specialized trucks produced from the early 1920s to present,NULL,NULL
Vintage Cars,Our Vintage Car models realistically portray automobiles produced from the early 1900s through the 1940s,NULL,NULL
Classic Cars,Make your wildest car ownership dreams come true,NULL,NULL
Motorcycles,Our motorcycles are state of the art replicas of classic as well as contemporary motorcycle legends such as Harley Davidson  Ducati and Vespa,NULL,NULL
Planes,Unique,NULL,NULL
Ships,"The perfect holiday or anniversary gift for executives  clients,  friends  and family",NULL,NULL
Trains,Model trains are a rewarding hobby for enthusiasts of all ages,NULL,NULL
Trucks and Buses,The Truck and Bus models are realistic replicas of buses and specialized trucks produced from the early 1920s to present,NULL,NULL
Vintage Cars,Our Vintage Car models realistically portray automobiles produced from the early 1900s through the 1940s,NULL,NULL
Classic Cars,Make your wildest car ownership dreams come true,NULL,NULL
Motorcycles,Our motorcycles are state of the art replicas of classic as well as contemporary motorcycle legends such as Harley Davidson  Ducati and Vespa,NULL,NULL
Planes,Unique,NULL,NULL
Ships,"The perfect holiday or anniversary gift for executives  clients,  friends  and family",NULL,NULL
Trains,Model trains are a rewarding hobby for enthusiasts of all ages,NULL,NULL
Trucks and Buses,The Truck and Bus models are realistic replicas of buses and specialized trucks produced from the early 1920s to present,NULL,NULL
Vintage Cars,Our Vintage Car models realistically portray automobiles produced from the early 1900s through the 1940s,NULL,NULL
Classic Cars,Make your wildest car ownership dreams come true,NULL,NULL
Motorcycles,Our motorcycles are state of the art replicas of classic as well as contemporary motorcycle legends such as Harley Davidson  Ducati and Vespa,NULL,NULL
Planes,Unique,NULL,NULL
Ships,"The perfect holiday or anniversary gift for executives  clients,  friends  and family",NULL,NULL
Trains,Model trains are a rewarding hobby for enthusiasts of all ages,NULL,NULL
Trucks and Buses,The Truck and Bus models are realistic replicas of buses and specialized trucks produced from the early 1920s to present,NULL,NULL
Vintage Cars,Our Vintage Car models realistically portray automobiles produced from the early 1900s through the 1940s,NULL,NULL
Classic Cars,Make your wildest car ownership dreams come true,NULL,NULL
Motorcycles,Our motorcycles are state of the art replicas of classic as well as contemporary motorcycle legends such as Harley Davidson  Ducati and Vespa,NULL,NULL
Planes,Unique,NULL,NULL
Ships,"The perfect holiday or anniversary gift for executives  clients,  friends  and family",NULL,NULL
Trains,Model trains are a rewarding hobby for enthusiasts of all ages,NULL,NULL
Trucks and Buses,The Truck and Bus models are realistic replicas of buses and specialized trucks produced from the early 1920s to present,NULL,NULL
Vintage Cars,Our Vintage Car models realistically portray automobiles produced from the early 1900s through the 1940s,NULL,NULL
Classic Cars,Make your wildest car ownership dreams come true,NULL,NULL
Motorcycles,Our motorcycles are state of the art replicas of classic as well as contemporary motorcycle legends such as Harley Davidson  Ducati and Vespa,NULL,NULL
Planes,Unique,NULL,NULL
Ships,"The perfect holiday or anniversary gift for executives  clients,  friends  and family",NULL,NULL
Trains,Model trains are a rewarding hobby for enthusiasts of all ages,NULL,NULL
Trucks and Buses,The Truck and Bus models are realistic replicas of buses and specialized trucks produced from the early 1920s to present,NULL,NULL
Vintage Cars,Our Vintage Car models realistically portray automobiles produced from the early 1900s through the 1940s,NULL,NULL
Classic Cars,Make your wildest car ownership dreams come true,NULL,NULL
Motorcycles,Our motorcycles are state of the art replicas of classic as well as contemporary motorcycle legends such as Harley Davidson  Ducati and Vespa,NULL,NULL
Planes,Unique,NULL,NULL
Ships,"The perfect holiday or anniversary gift for executives  clients,  friends  and family",NULL,NULL
Trains,Model trains are a rewarding hobby for enthusiasts of all ages,NULL,NULL
Trucks and Buses,The Truck and Bus models are realistic replicas of buses and specialized trucks produced from the early 1920s to present,NULL,NULL
Vintage Cars,Our Vintage Car models realistically portray automobiles produced from the early 1900s through the 1940s,NULL,NULL

